{
 "M800": [
  [
   0.9365404844284058,
   1
  ]
 ],
 "M1000": [
  [
   0.9365404844284058,
   1
  ]
 ]
}